,MA: VALUE,ND: VALUE,DC: VALUE,NM: VALUE,SC: VALUE,AK: VALUE,NJ: VALUE,PA: VALUE,TX: VALUE,MO: VALUE,ID: VALUE,UT: VALUE,GA: VALUE,FL: VALUE,AZ: VALUE,ME: VALUE,RI: VALUE,DE: VALUE,CO: VALUE,IN: VALUE,VA: VALUE,WA: VALUE,MD: VALUE,WY: VALUE,VT: VALUE,NC: VALUE,MT: VALUE,AR: VALUE,MI: VALUE,HI: VALUE,NE: VALUE,NH: VALUE,OH: VALUE,LA: VALUE,IL: VALUE,CA: VALUE,OR: VALUE,CT: VALUE,KY: VALUE,MS: VALUE,AL: VALUE,OK: VALUE,MN: VALUE,WI: VALUE,SD: VALUE,WV: VALUE,NY: VALUE,TN: VALUE,KS: VALUE,NV: VALUE,IA: VALUE
1900,2788.0,321.0,278.0,196.0,1342.0,,1884.0,6313.0,3055.0,3108.0,163.0,277.0,2220.0,530.0,124.0,695.0,430.0,185.0,543.0,2518.0,1858.0,523.0,1189.0,93.0,344.0,1897.0,245.0,1314.0,2423.0,,1067.0,412.0,4161.0,1384.0,4828.0,1490.0,415.0,910.0,2148.0,1553.0,1830.0,800.0,1754.0,2072.0,403.0,959.0,7283.0,2023.0,1473.0,43.0,2231.0
1901,2794.0,346.0,285.0,206.0,1361.0,,1889.0,6439.0,3132.0,3128.0,176.0,284.0,2263.0,544.0,131.0,699.0,441.0,187.0,581.0,2541.0,1887.0,583.0,1200.0,100.0,347.0,1926.0,261.0,1341.0,2450.0,,1078.0,412.0,4216.0,1412.0,4914.0,1550.0,434.0,931.0,2162.0,1578.0,1907.0,916.0,1805.0,2109.0,418.0,972.0,7449.0,2041.0,1490.0,45.0,2227.0
1902,2856.0,371.0,290.0,218.0,1379.0,,1917.0,6567.0,3210.0,3147.0,199.0,292.0,2305.0,565.0,138.0,703.0,450.0,188.0,621.0,2567.0,1894.0,651.0,1210.0,105.0,349.0,1956.0,270.0,1360.0,2477.0,,1089.0,409.0,4322.0,1440.0,4992.0,1623.0,454.0,952.0,2177.0,1603.0,1935.0,1027.0,1862.0,2141.0,431.0,1000.0,7612.0,2060.0,1505.0,49.0,2222.0
1903,2924.0,396.0,295.0,229.0,1397.0,,1969.0,6699.0,3291.0,3166.0,216.0,299.0,2346.0,587.0,144.0,709.0,460.0,190.0,652.0,2594.0,1890.0,719.0,1209.0,108.0,350.0,1986.0,282.0,1384.0,2505.0,,1104.0,394.0,4386.0,1467.0,5071.0,1702.0,479.0,972.0,2191.0,1628.0,1957.0,1118.0,1901.0,2171.0,437.0,1037.0,7771.0,2082.0,1498.0,52.0,2217.0
1904,2969.0,421.0,302.0,242.0,1415.0,,2050.0,6833.0,3374.0,3185.0,229.0,308.0,2387.0,599.0,151.0,719.0,471.0,192.0,659.0,2614.0,1889.0,782.0,1217.0,111.0,353.0,2017.0,293.0,1419.0,2534.0,,1119.0,407.0,4458.0,1495.0,5161.0,1792.0,504.0,987.0,2205.0,1653.0,1978.0,1200.0,1945.0,2202.0,452.0,1064.0,7927.0,2086.0,1527.0,56.0,2212.0
1905,3018.0,446.0,308.0,255.0,1433.0,,2151.0,6970.0,3459.0,3204.0,246.0,316.0,2427.0,615.0,158.0,723.0,481.0,194.0,680.0,2635.0,1917.0,842.0,1237.0,114.0,354.0,2051.0,305.0,1447.0,2579.0,,1129.0,423.0,4530.0,1523.0,5241.0,1893.0,530.0,1010.0,2220.0,1678.0,2012.0,1277.0,1981.0,2231.0,461.0,1094.0,8084.0,2111.0,1555.0,59.0,2211.0
1906,3107.0,474.0,313.0,269.0,1451.0,,2239.0,7110.0,3546.0,3223.0,262.0,327.0,2466.0,628.0,167.0,729.0,492.0,196.0,707.0,2663.0,1942.0,904.0,1251.0,118.0,355.0,2077.0,322.0,1465.0,2626.0,,1138.0,415.0,4587.0,1551.0,5309.0,1976.0,555.0,1033.0,2234.0,1703.0,2045.0,1349.0,1987.0,2250.0,477.0,1122.0,8289.0,2136.0,1576.0,64.0,2214.0
1907,3183.0,501.0,317.0,283.0,1468.0,,2314.0,7253.0,3636.0,3242.0,277.0,339.0,2505.0,645.0,176.0,731.0,505.0,197.0,733.0,2679.0,1952.0,967.0,1257.0,125.0,355.0,2105.0,332.0,1484.0,2693.0,,1149.0,423.0,4630.0,1579.0,5384.0,2054.0,580.0,1057.0,2249.0,1728.0,2058.0,1414.0,1995.0,2268.0,498.0,1149.0,8499.0,2136.0,1612.0,68.0,2217.0
1908,3251.0,528.0,321.0,298.0,1485.0,,2403.0,7398.0,3727.0,3260.0,291.0,351.0,2543.0,684.0,186.0,735.0,519.0,199.0,757.0,2677.0,1994.0,1028.0,1269.0,133.0,354.0,2142.0,346.0,1513.0,2722.0,,1161.0,428.0,4677.0,1607.0,5474.0,2161.0,610.0,1077.0,2263.0,1753.0,2070.0,1498.0,2020.0,2292.0,527.0,1174.0,8714.0,2164.0,1629.0,73.0,2220.0
1909,3316.0,555.0,327.0,314.0,1502.0,,2487.0,7546.0,3821.0,3279.0,311.0,363.0,2580.0,724.0,196.0,740.0,532.0,201.0,775.0,2678.0,2038.0,1091.0,1289.0,141.0,356.0,2174.0,363.0,1545.0,2771.0,,1177.0,431.0,4701.0,1634.0,5567.0,2282.0,643.0,1097.0,2278.0,1777.0,2108.0,1585.0,2051.0,2317.0,553.0,1203.0,8935.0,2177.0,1658.0,78.0,2223.0
1910,3365.0,580.0,334.0,329.0,1523.0,,2550.0,7706.0,3922.0,3301.0,329.0,377.0,2618.0,756.0,206.0,745.0,545.0,203.0,804.0,2713.0,2071.0,1148.0,1302.0,147.0,357.0,2221.0,380.0,1583.0,2832.0,,1198.0,431.0,4786.0,1667.0,5668.0,2406.0,677.0,1122.0,2299.0,1802.0,2150.0,1671.0,2086.0,2345.0,590.0,1231.0,9137.0,2191.0,1692.0,82.0,2228.0
1911,3383.0,584.0,344.0,334.0,1548.0,,2610.0,7850.0,4016.0,3317.0,343.0,387.0,2644.0,773.0,212.0,751.0,556.0,207.0,821.0,2751.0,2092.0,1167.0,1324.0,150.0,358.0,2276.0,397.0,1610.0,2916.0,,1216.0,432.0,4821.0,1695.0,5757.0,2534.0,692.0,1149.0,2324.0,1810.0,2185.0,1714.0,2119.0,2369.0,602.0,1266.0,9249.0,2197.0,1684.0,81.0,2249.0
1912,3440.0,603.0,340.0,338.0,1572.0,,2670.0,7986.0,4107.0,3344.0,359.0,399.0,2676.0,801.0,217.0,753.0,567.0,209.0,832.0,2785.0,2122.0,1184.0,1345.0,153.0,359.0,2313.0,414.0,1636.0,2997.0,,1232.0,434.0,4893.0,1709.0,5828.0,2668.0,706.0,1176.0,2347.0,1817.0,2217.0,1737.0,2147.0,2407.0,592.0,1291.0,9361.0,2218.0,1671.0,81.0,2279.0
1913,3534.0,609.0,358.0,344.0,1599.0,,2729.0,8139.0,4207.0,3409.0,371.0,410.0,2733.0,828.0,236.0,763.0,578.0,213.0,835.0,2824.0,2176.0,1209.0,1368.0,157.0,361.0,2362.0,433.0,1664.0,3101.0,,1246.0,439.0,4997.0,1727.0,5961.0,2811.0,722.0,1208.0,2374.0,1827.0,2279.0,1777.0,2190.0,2438.0,584.0,1317.0,9473.0,2257.0,1663.0,82.0,2305.0
1914,3636.0,620.0,368.0,348.0,1622.0,,2789.0,8276.0,4300.0,3467.0,384.0,422.0,2776.0,871.0,253.0,772.0,589.0,216.0,846.0,2857.0,2241.0,1231.0,1389.0,163.0,362.0,2421.0,452.0,1688.0,3183.0,,1264.0,442.0,5109.0,1740.0,6109.0,2934.0,736.0,1233.0,2395.0,1832.0,2336.0,1824.0,2234.0,2490.0,581.0,1362.0,9585.0,2289.0,1662.0,83.0,2338.0
1915,3705.0,641.0,361.0,351.0,1635.0,,2850.0,8362.0,4368.0,3492.0,394.0,430.0,2810.0,922.0,263.0,774.0,597.0,217.0,868.0,2873.0,2294.0,1239.0,1401.0,167.0,360.0,2473.0,469.0,1702.0,3263.0,,1272.0,443.0,5251.0,1755.0,6194.0,3008.0,745.0,1258.0,2401.0,1826.0,2345.0,1860.0,2273.0,2535.0,585.0,1387.0,9700.0,2294.0,1687.0,82.0,2366.0
1916,3726.0,652.0,360.0,354.0,1650.0,,2918.0,8463.0,4444.0,3527.0,405.0,436.0,2856.0,924.0,282.0,775.0,598.0,219.0,892.0,2897.0,2316.0,1255.0,1415.0,174.0,360.0,2513.0,487.0,1719.0,3353.0,,1275.0,445.0,5366.0,1799.0,6274.0,3071.0,756.0,1294.0,2411.0,1823.0,2359.0,1907.0,2308.0,2562.0,595.0,1414.0,9848.0,2304.0,1727.0,82.0,2376.0
1917,3738.0,661.0,385.0,361.0,1675.0,,2976.0,8578.0,4563.0,3470.0,413.0,444.0,2885.0,895.0,311.0,777.0,606.0,222.0,910.0,2910.0,2313.0,1287.0,1428.0,186.0,372.0,2546.0,505.0,1737.0,3451.0,,1285.0,447.0,5510.0,1795.0,6313.0,3171.0,763.0,1327.0,2421.0,1820.0,2361.0,1960.0,2329.0,2587.0,599.0,1439.0,9993.0,2331.0,1748.0,81.0,2382.0
1918,3695.0,636.0,418.0,382.0,1746.0,,3043.0,8524.0,4666.0,3325.0,405.0,437.0,2941.0,865.0,320.0,760.0,604.0,220.0,906.0,2880.0,2359.0,1341.0,1467.0,181.0,352.0,2522.0,501.0,1749.0,3499.0,,1266.0,440.0,5547.0,1746.0,6275.0,3262.0,763.0,1329.0,2425.0,1813.0,2343.0,1969.0,2291.0,2597.0,570.0,1438.0,9936.0,2288.0,1729.0,77.0,2351.0
1919,3785.0,648.0,445.0,362.0,1687.0,,3136.0,8643.0,4631.0,3371.0,424.0,446.0,2870.0,898.0,329.0,762.0,603.0,221.0,938.0,2906.0,2318.0,1333.0,1445.0,191.0,352.0,2535.0,534.0,1742.0,3591.0,,1290.0,443.0,5683.0,1756.0,6392.0,3339.0,774.0,1359.0,2413.0,1790.0,2337.0,2003.0,2346.0,2600.0,606.0,1464.0,10252.0,2305.0,1756.0,77.0,2379.0
1920,3882.0,646.0,440.0,363.0,1685.0,,3198.0,8740.0,4723.0,3404.0,433.0,453.0,2926.0,962.0,340.0,771.0,613.0,219.0,937.0,2947.0,2347.0,1373.0,1464.0,197.0,353.0,2588.0,543.0,1756.0,3723.0,,1300.0,444.0,5799.0,1813.0,6663.0,3554.0,788.0,1391.0,2421.0,1800.0,2359.0,2055.0,2403.0,2679.0,640.0,1470.0,10282.0,2329.0,1769.0,78.0,2400.0
1921,3951.0,646.0,446.0,370.0,1693.0,,3297.0,8900.0,4853.0,3429.0,435.0,457.0,2965.0,997.0,351.0,775.0,629.0,216.0,961.0,2976.0,2395.0,1405.0,1492.0,203.0,355.0,2651.0,546.0,1769.0,3872.0,,1309.0,449.0,5921.0,1847.0,6858.0,3795.0,798.0,1415.0,2436.0,1823.0,2402.0,2108.0,2434.0,2722.0,652.0,1485.0,10416.0,2369.0,1779.0,80.0,2407.0
1922,4010.0,647.0,450.0,375.0,1692.0,,3380.0,8982.0,4955.0,3437.0,436.0,467.0,2965.0,1044.0,360.0,778.0,644.0,214.0,965.0,2965.0,2412.0,1415.0,1509.0,208.0,354.0,2700.0,543.0,1772.0,3942.0,,1312.0,451.0,6054.0,1871.0,6958.0,3991.0,814.0,1431.0,2450.0,1836.0,2434.0,2140.0,2451.0,2761.0,660.0,1498.0,10589.0,2424.0,1799.0,81.0,2428.0
1923,4057.0,648.0,453.0,382.0,1699.0,,3472.0,9148.0,5077.0,3454.0,436.0,474.0,2954.0,1097.0,371.0,781.0,656.0,215.0,984.0,3042.0,2423.0,1433.0,1521.0,211.0,354.0,2761.0,538.0,1784.0,4063.0,,1321.0,453.0,6183.0,1903.0,7068.0,4270.0,833.0,1455.0,2480.0,1858.0,2464.0,2159.0,2487.0,2803.0,669.0,1526.0,10752.0,2463.0,1808.0,82.0,2425.0
1924,4102.0,642.0,456.0,390.0,1710.0,,3573.0,9383.0,5210.0,3508.0,434.0,481.0,2920.0,1160.0,382.0,788.0,669.0,219.0,1014.0,3086.0,2426.0,1467.0,1537.0,215.0,355.0,2830.0,538.0,1800.0,4214.0,,1333.0,457.0,6319.0,1939.0,7215.0,4541.0,856.0,1481.0,2531.0,1886.0,2501.0,2179.0,2521.0,2833.0,673.0,1577.0,10953.0,2502.0,1807.0,84.0,2420.0
1925,4154.0,643.0,461.0,396.0,1718.0,,3664.0,9478.0,5332.0,3526.0,436.0,487.0,2883.0,1264.0,393.0,792.0,680.0,222.0,1019.0,3119.0,2423.0,1494.0,1556.0,216.0,355.0,2895.0,535.0,1812.0,4331.0,,1343.0,459.0,6434.0,1972.0,7306.0,4730.0,883.0,1506.0,2520.0,1910.0,2534.0,2216.0,2540.0,2863.0,682.0,1593.0,11186.0,2531.0,1825.0,85.0,2427.0
1926,4194.0,651.0,469.0,403.0,1726.0,,3758.0,9594.0,5453.0,3556.0,441.0,494.0,2869.0,1368.0,403.0,793.0,681.0,225.0,1016.0,3148.0,2419.0,1516.0,1576.0,217.0,356.0,2959.0,531.0,1826.0,4451.0,,1353.0,463.0,6504.0,2005.0,7395.0,4929.0,905.0,1531.0,2545.0,1935.0,2567.0,2256.0,2560.0,2892.0,683.0,1623.0,11257.0,2553.0,1836.0,87.0,2432.0
1927,4223.0,657.0,476.0,410.0,1736.0,,3891.0,9745.0,5577.0,3576.0,447.0,500.0,2891.0,1418.0,414.0,796.0,677.0,229.0,1028.0,3191.0,2433.0,1538.0,1599.0,219.0,357.0,3027.0,527.0,1840.0,4589.0,,1365.0,466.0,6577.0,2039.0,7519.0,5147.0,925.0,1557.0,2551.0,1962.0,2609.0,2306.0,2588.0,2916.0,682.0,1671.0,11174.0,2608.0,1836.0,88.0,2441.0
1928,4217.0,665.0,479.0,416.0,1739.0,,3968.0,9802.0,5675.0,3601.0,449.0,504.0,2903.0,1433.0,422.0,797.0,678.0,233.0,1014.0,3212.0,2435.0,1551.0,1610.0,220.0,358.0,3082.0,541.0,1847.0,4665.0,,1371.0,468.0,6608.0,2064.0,7576.0,5344.0,936.0,1577.0,2567.0,1981.0,2640.0,2344.0,2592.0,2923.0,685.0,1696.0,11599.0,2624.0,1850.0,89.0,2450.0
1929,4229.0,674.0,483.0,420.0,1739.0,,3989.0,9723.0,5762.0,3622.0,447.0,508.0,2903.0,1445.0,430.0,797.0,684.0,236.0,1008.0,3226.0,2425.0,1555.0,1621.0,223.0,359.0,3133.0,524.0,1852.0,4795.0,,1375.0,467.0,6626.0,2086.0,7606.0,5531.0,947.0,1594.0,2606.0,1998.0,2644.0,2372.0,2572.0,2934.0,690.0,1717.0,12171.0,2604.0,1867.0,90.0,2460.0
1930,4250.0,682.0,488.0,427.0,1745.0,,4068.0,9649.0,5844.0,3646.0,447.0,509.0,2910.0,1471.0,434.0,800.0,686.0,239.0,1040.0,3242.0,2427.0,1568.0,1636.0,226.0,360.0,3167.0,539.0,1859.0,4834.0,,1380.0,466.0,6662.0,2105.0,7644.0,5711.0,956.0,1613.0,2623.0,2006.0,2647.0,2401.0,2576.0,2950.0,693.0,1733.0,12647.0,2619.0,1883.0,92.0,2475.0
1931,4248.0,680.0,504.0,436.0,1753.0,,4120.0,9707.0,5907.0,3711.0,454.0,513.0,2924.0,1493.0,429.0,807.0,681.0,242.0,1056.0,3257.0,2445.0,1581.0,1657.0,229.0,359.0,3184.0,540.0,1848.0,4798.0,,1384.0,470.0,6694.0,2124.0,7687.0,5824.0,966.0,1628.0,2652.0,1994.0,2649.0,2403.0,2614.0,2990.0,694.0,1740.0,12848.0,2657.0,1881.0,94.0,2482.0
1932,4259.0,676.0,513.0,441.0,1748.0,,4120.0,9764.0,5961.0,3746.0,459.0,517.0,2935.0,1521.0,426.0,815.0,677.0,245.0,1066.0,3281.0,2452.0,1584.0,1678.0,230.0,358.0,3227.0,540.0,1836.0,4780.0,,1386.0,474.0,6717.0,2155.0,7736.0,5894.0,972.0,1637.0,2676.0,2004.0,2653.0,2394.0,2646.0,3021.0,692.0,1747.0,13001.0,2711.0,1883.0,96.0,2489.0
1933,4282.0,674.0,529.0,449.0,1752.0,,4107.0,9784.0,6014.0,3773.0,464.0,520.0,2950.0,1552.0,426.0,821.0,675.0,248.0,1071.0,3304.0,2460.0,1592.0,1694.0,230.0,357.0,3268.0,541.0,1854.0,4780.0,,1385.0,477.0,6740.0,2178.0,7768.0,5963.0,978.0,1642.0,2698.0,2031.0,2661.0,2392.0,2673.0,3040.0,690.0,1752.0,13126.0,2747.0,1877.0,96.0,2495.0
1934,4305.0,672.0,568.0,461.0,1760.0,,4089.0,9795.0,6053.0,3784.0,473.0,522.0,2964.0,1585.0,428.0,829.0,675.0,250.0,1075.0,3319.0,2485.0,1610.0,1710.0,233.0,357.0,3304.0,545.0,1878.0,4798.0,,1382.0,480.0,6751.0,2202.0,7772.0,6060.0,985.0,1650.0,2722.0,2050.0,2685.0,2391.0,2695.0,3054.0,682.0,1771.0,13253.0,2784.0,1868.0,98.0,2510.0
1935,4343.0,670.0,608.0,475.0,1769.0,,4085.0,9774.0,6123.0,3798.0,481.0,526.0,2955.0,1613.0,434.0,836.0,678.0,252.0,1078.0,3332.0,2520.0,1629.0,1729.0,237.0,357.0,3323.0,550.0,1890.0,4838.0,,1375.0,481.0,6787.0,2228.0,7797.0,6175.0,1001.0,1666.0,2748.0,2061.0,2719.0,2386.0,2717.0,3070.0,674.0,1794.0,13375.0,2798.0,1872.0,100.0,2524.0
1936,4355.0,664.0,629.0,489.0,1781.0,,4084.0,9767.0,6192.0,3801.0,495.0,527.0,2978.0,1651.0,443.0,840.0,686.0,253.0,1090.0,3348.0,2552.0,1653.0,1745.0,240.0,357.0,3346.0,554.0,1892.0,4889.0,,1358.0,481.0,6801.0,2246.0,7840.0,6341.0,1025.0,1672.0,2768.0,2072.0,2743.0,2365.0,2734.0,3082.0,666.0,1808.0,13481.0,2791.0,1869.0,101.0,2509.0
1937,4358.0,655.0,616.0,503.0,1802.0,,4088.0,9790.0,6250.0,3794.0,507.0,529.0,3037.0,1709.0,453.0,842.0,694.0,254.0,1104.0,3374.0,2590.0,1681.0,1754.0,243.0,356.0,3385.0,554.0,1903.0,4968.0,,1339.0,481.0,6809.0,2257.0,7857.0,6528.0,1048.0,1678.0,2784.0,2086.0,2762.0,2334.0,2746.0,3088.0,656.0,1813.0,13511.0,2795.0,1856.0,103.0,2498.0
1938,4365.0,647.0,638.0,513.0,1834.0,,4100.0,9952.0,6301.0,3781.0,513.0,535.0,3091.0,1771.0,466.0,843.0,694.0,257.0,1112.0,3386.0,2638.0,1698.0,1766.0,246.0,356.0,3440.0,552.0,1928.0,5056.0,,1326.0,485.0,6837.0,2285.0,7866.0,6656.0,1067.0,1684.0,2800.0,2127.0,2787.0,2324.0,2753.0,3098.0,649.0,1828.0,13512.0,2821.0,1842.0,105.0,2494.0
1939,4347.0,644.0,658.0,523.0,1872.0,,4129.0,9901.0,6360.0,3783.0,521.0,543.0,3120.0,1836.0,484.0,846.0,701.0,263.0,1120.0,3403.0,2670.0,1715.0,1793.0,248.0,358.0,3514.0,555.0,1948.0,5156.0,,1318.0,490.0,6886.0,2334.0,7890.0,6785.0,1081.0,1696.0,2825.0,2168.0,2814.0,2333.0,2771.0,3121.0,645.0,1868.0,13523.0,2874.0,1824.0,107.0,2520.0
1940,4318.0,640.0,690.0,531.0,1902.0,,4175.0,9896.0,6425.0,3786.0,522.0,552.0,3119.0,1915.0,499.0,849.0,719.0,269.0,1130.0,3433.0,2720.0,1740.0,1839.0,250.0,363.0,3574.0,558.0,1955.0,5315.0,,1316.0,492.0,6929.0,2370.0,7905.0,6950.0,1086.0,1708.0,2859.0,2176.0,2845.0,2325.0,2790.0,3143.0,641.0,1907.0,13456.0,2935.0,1788.0,113.0,2537.0
1941,4389.0,615.0,764.0,506.0,1962.0,,4254.0,9911.0,6585.0,3811.0,501.0,551.0,3179.0,2017.0,490.0,852.0,731.0,275.0,1124.0,3483.0,2855.0,1789.0,1913.0,247.0,348.0,3589.0,543.0,1969.0,5472.0,,1272.0,490.0,6958.0,2484.0,7995.0,7237.0,1071.0,1746.0,2824.0,2184.0,2902.0,2262.0,2718.0,3140.0,613.0,1885.0,13267.0,2973.0,1765.0,120.0,2491.0
1942,4370.0,583.0,851.0,502.0,2007.0,,4297.0,9704.0,6711.0,3829.0,478.0,575.0,3209.0,2151.0,524.0,839.0,748.0,279.0,1113.0,3507.0,3038.0,1901.0,1998.0,251.0,343.0,3569.0,518.0,1977.0,5549.0,,1239.0,481.0,6969.0,2546.0,8057.0,7735.0,1107.0,1792.0,2797.0,2210.0,2941.0,2215.0,2662.0,3053.0,589.0,1831.0,13002.0,2939.0,1760.0,137.0,2439.0
1943,4257.0,546.0,900.0,534.0,1967.0,,4226.0,9444.0,7012.0,3705.0,500.0,631.0,3245.0,2451.0,692.0,806.0,760.0,282.0,1153.0,3449.0,3130.0,2027.0,2089.0,247.0,327.0,3654.0,485.0,1843.0,5405.0,,1241.0,462.0,6868.0,2565.0,7761.0,8506.0,1221.0,1792.0,2693.0,2280.0,2902.0,2205.0,2577.0,3014.0,587.0,1741.0,12807.0,2972.0,1796.0,151.0,2334.0
1944,4192.0,534.0,881.0,527.0,1943.0,,4158.0,9214.0,6876.0,3560.0,529.0,605.0,3176.0,2420.0,610.0,801.0,795.0,285.0,1137.0,3440.0,3248.0,2092.0,2118.0,242.0,314.0,3560.0,469.0,1768.0,5467.0,,1216.0,456.0,6918.0,2508.0,7719.0,8945.0,1233.0,1778.0,2631.0,2167.0,2802.0,2043.0,2526.0,2980.0,565.0,1706.0,12628.0,2868.0,1779.0,153.0,2301.0
1945,4201.0,546.0,876.0,537.0,1934.0,,4108.0,9143.0,6826.0,3516.0,507.0,591.0,3119.0,2465.0,594.0,800.0,776.0,286.0,1116.0,3427.0,3193.0,2206.0,2096.0,239.0,315.0,3533.0,477.0,1762.0,5475.0,,1211.0,459.0,6916.0,2429.0,7601.0,9344.0,1250.0,1769.0,2597.0,2090.0,2775.0,2028.0,2537.0,2961.0,579.0,1708.0,12495.0,2878.0,1731.0,149.0,2308.0
1946,4494.0,570.0,899.0,561.0,1936.0,,4492.0,9866.0,7197.0,3746.0,509.0,638.0,3242.0,2440.0,616.0,832.0,770.0,299.0,1203.0,3702.0,3212.0,2288.0,2214.0,254.0,342.0,3706.0,514.0,1797.0,5874.0,,1256.0,494.0,7512.0,2556.0,8155.0,9559.0,1338.0,1906.0,2761.0,2064.0,2911.0,2128.0,2734.0,3167.0,588.0,1826.0,13398.0,3074.0,1805.0,143.0,2467.0
1947,4580.0,578.0,888.0,582.0,1992.0,,4618.0,10196.0,7388.0,3845.0,522.0,636.0,3272.0,2528.0,653.0,854.0,776.0,305.0,1237.0,3779.0,3201.0,2211.0,2248.0,258.0,354.0,3769.0,531.0,1836.0,6076.0,,1265.0,507.0,7705.0,2579.0,8341.0,9832.0,1361.0,1967.0,2803.0,2107.0,2942.0,2133.0,2796.0,3250.0,601.0,1883.0,13982.0,3166.0,1853.0,149.0,2509.0
1948,4674.0,580.0,840.0,604.0,1996.0,,4774.0,10287.0,7626.0,3844.0,551.0,653.0,3259.0,2578.0,690.0,878.0,787.0,312.0,1263.0,3877.0,3207.0,2255.0,2271.0,269.0,359.0,3837.0,542.0,1825.0,6213.0,,1265.0,520.0,7876.0,2596.0,8552.0,10064.0,1405.0,2014.0,2817.0,2076.0,2969.0,2089.0,2868.0,3314.0,612.0,1899.0,14497.0,3216.0,1892.0,156.0,2543.0
1949,4741.0,597.0,807.0,644.0,2029.0,,4889.0,10390.0,7623.0,3882.0,570.0,671.0,3325.0,2668.0,714.0,903.0,801.0,316.0,1295.0,3958.0,3292.0,2294.0,2329.0,277.0,369.0,3911.0,569.0,1844.0,6332.0,,1302.0,533.0,7973.0,2634.0,8670.0,10337.0,1431.0,2032.0,2849.0,2085.0,3000.0,2105.0,2935.0,3391.0,631.0,1930.0,14892.0,3236.0,1925.0,157.0,2578.0
1950,4686.0,619.0,806.0,689.0,2113.0,135.0,4872.0,10507.0,7776.0,3964.0,590.0,696.0,3458.0,2810.0,756.0,917.0,786.0,321.0,1325.0,3967.0,3315.0,2387.0,2355.0,290.0,379.0,4068.0,593.0,1908.0,6407.0,498.0,1327.0,532.0,7980.0,2697.0,8738.0,10677.0,1532.0,2016.0,2936.0,2176.0,3058.0,2229.0,2997.0,3438.0,655.0,2006.0,14865.0,3315.0,1916.0,162.0,2625.0
1951,4654.0,604.0,808.0,717.0,2167.0,158.0,5006.0,10461.0,8111.0,4015.0,589.0,706.0,3531.0,2980.0,785.0,916.0,784.0,331.0,1326.0,4096.0,3434.0,2424.0,2441.0,291.0,378.0,4120.0,596.0,1901.0,6497.0,514.0,1316.0,529.0,8061.0,2769.0,8790.0,11134.0,1556.0,2028.0,2941.0,2163.0,3059.0,2210.0,3010.0,3439.0,655.0,1984.0,14890.0,3372.0,1950.0,168.0,2617.0
1952,4650.0,608.0,805.0,735.0,2178.0,189.0,5125.0,10503.0,8314.0,3972.0,587.0,724.0,3584.0,3157.0,842.0,915.0,802.0,341.0,1365.0,4148.0,3504.0,2448.0,2500.0,293.0,375.0,4109.0,602.0,1838.0,6650.0,517.0,1311.0,535.0,8275.0,2842.0,8956.0,11635.0,1582.0,2081.0,2920.0,2152.0,3068.0,2219.0,3030.0,3469.0,651.0,1957.0,15192.0,3352.0,1977.0,181.0,2626.0
1953,4806.0,609.0,810.0,756.0,2181.0,205.0,5229.0,10662.0,8336.0,4020.0,596.0,739.0,3558.0,3310.0,894.0,913.0,815.0,351.0,1431.0,4182.0,3557.0,2466.0,2567.0,290.0,379.0,4120.0,616.0,1780.0,6822.0,510.0,1318.0,547.0,8591.0,2866.0,9065.0,12251.0,1601.0,2168.0,2903.0,2105.0,3053.0,2182.0,3050.0,3506.0,648.0,1929.0,15527.0,3319.0,1994.0,195.0,2629.0
1954,4910.0,611.0,791.0,763.0,2176.0,215.0,5360.0,10817.0,8382.0,4066.0,600.0,750.0,3602.0,3505.0,933.0,927.0,816.0,368.0,1493.0,4264.0,3555.0,2516.0,2685.0,293.0,377.0,4131.0,624.0,1734.0,7066.0,505.0,1340.0,554.0,8873.0,2883.0,9252.0,12746.0,1626.0,2249.0,2902.0,2064.0,3014.0,2209.0,3113.0,3608.0,655.0,1905.0,15814.0,3359.0,2042.0,213.0,2626.0
1955,4882.0,615.0,785.0,785.0,2200.0,222.0,5502.0,10939.0,8660.0,4134.0,618.0,783.0,3636.0,3747.0,987.0,934.0,823.0,389.0,1546.0,4363.0,3588.0,2604.0,2742.0,307.0,375.0,4242.0,636.0,1725.0,7285.0,539.0,1374.0,557.0,9017.0,2946.0,9435.0,13133.0,1659.0,2300.0,2910.0,2060.0,3050.0,2250.0,3172.0,3679.0,663.0,1880.0,15966.0,3415.0,2093.0,237.0,2679.0
1956,4891.0,613.0,759.0,806.0,2229.0,224.0,5615.0,10972.0,8830.0,4163.0,628.0,809.0,3701.0,4047.0,1053.0,938.0,840.0,408.0,1625.0,4458.0,3722.0,2668.0,2811.0,312.0,377.0,4309.0,656.0,1704.0,7467.0,559.0,1397.0,566.0,9207.0,3032.0,9530.0,13713.0,1698.0,2316.0,2898.0,2086.0,3071.0,2273.0,3240.0,3742.0,670.0,1857.0,16112.0,3415.0,2119.0,250.0,2703.0
1957,4929.0,612.0,763.0,847.0,2274.0,231.0,5737.0,10954.0,9070.0,4189.0,642.0,826.0,3766.0,4372.0,1125.0,943.0,851.0,426.0,1664.0,4529.0,3844.0,2724.0,2873.0,314.0,376.0,4368.0,667.0,1733.0,7569.0,584.0,1394.0,572.0,9410.0,3115.0,9668.0,14264.0,1712.0,2359.0,2928.0,2088.0,3109.0,2282.0,3274.0,3791.0,666.0,1843.0,16374.0,3434.0,2128.0,260.0,2716.0
1958,5010.0,606.0,757.0,886.0,2304.0,224.0,5890.0,11058.0,9252.0,4186.0,646.0,845.0,3804.0,4630.0,1193.0,944.0,858.0,433.0,1667.0,4583.0,3914.0,2773.0,2982.0,315.0,380.0,4376.0,666.0,1726.0,7667.0,605.0,1383.0,581.0,9599.0,3155.0,9886.0,14880.0,1718.0,2446.0,2961.0,2086.0,3163.0,2267.0,3313.0,3843.0,656.0,1845.0,16601.0,3471.0,2142.0,269.0,2708.0
1959,5117.0,618.0,761.0,919.0,2348.0,224.0,6015.0,11234.0,9405.0,4258.0,657.0,870.0,3868.0,4808.0,1261.0,957.0,857.0,441.0,1710.0,4613.0,3951.0,2821.0,3066.0,320.0,387.0,4458.0,669.0,1756.0,7767.0,622.0,1397.0,596.0,9671.0,3208.0,9986.0,15467.0,1746.0,2523.0,2999.0,2138.0,3204.0,2289.0,3366.0,3891.0,667.0,1855.0,16685.0,3522.0,2160.0,279.0,2729.0
1960,5160.0,634.0,765.0,954.0,2392.0,229.0,6103.0,11329.0,9624.0,4326.0,671.0,900.0,3956.0,5004.0,1321.0,975.0,855.0,449.0,1769.0,4674.0,3986.0,2855.0,3113.0,331.0,389.0,4573.0,679.0,1789.0,7834.0,642.0,1417.0,609.0,9734.0,3260.0,10086.0,15870.0,1772.0,2544.0,3041.0,2182.0,3274.0,2336.0,3425.0,3962.0,683.0,1853.0,16838.0,3575.0,2183.0,291.0,2756.0
1961,5219.0,641.0,778.0,965.0,2409.0,238.0,6265.0,11392.0,9820.0,4349.0,684.0,936.0,4015.0,5243.0,1407.0,995.0,858.0,461.0,1844.0,4730.0,4095.0,2882.0,3176.0,337.0,390.0,4663.0,696.0,1806.0,7893.0,659.0,1446.0,618.0,9854.0,3287.0,10130.0,16497.0,1787.0,2586.0,3054.0,2206.0,3316.0,2380.0,3470.0,4009.0,693.0,1828.0,17061.0,3622.0,2215.0,315.0,2756.0
1962,5263.0,637.0,788.0,979.0,2423.0,246.0,6376.0,11355.0,10053.0,4357.0,692.0,958.0,4086.0,5458.0,1471.0,994.0,871.0,469.0,1899.0,4736.0,4180.0,2942.0,3263.0,333.0,393.0,4707.0,698.0,1853.0,7933.0,684.0,1464.0,632.0,9929.0,3345.0,10280.0,17072.0,1818.0,2647.0,3079.0,2243.0,3323.0,2427.0,3513.0,4049.0,705.0,1809.0,17301.0,3673.0,2231.0,352.0,2750.0
1963,5344.0,644.0,798.0,989.0,2460.0,256.0,6531.0,11424.0,10159.0,4392.0,683.0,974.0,4172.0,5628.0,1521.0,993.0,876.0,483.0,1936.0,4799.0,4276.0,2955.0,3386.0,336.0,397.0,4742.0,703.0,1875.0,8058.0,682.0,1476.0,649.0,9986.0,3377.0,10402.0,17668.0,1853.0,2727.0,3096.0,2244.0,3358.0,2439.0,3531.0,4112.0,708.0,1796.0,17461.0,3718.0,2217.0,397.0,2747.0
1964,5448.0,649.0,798.0,1006.0,2475.0,263.0,6660.0,11519.0,10270.0,4442.0,680.0,978.0,4258.0,5781.0,1556.0,993.0,885.0,497.0,1970.0,4856.0,4357.0,2961.0,3492.0,339.0,399.0,4802.0,706.0,1897.0,8187.0,700.0,1482.0,663.0,10080.0,3446.0,10580.0,18151.0,1888.0,2798.0,3129.0,2241.0,3395.0,2446.0,3558.0,4165.0,701.0,1797.0,17589.0,3771.0,2209.0,426.0,2746.0
1965,5502.0,649.0,797.0,1012.0,2494.0,271.0,6767.0,11620.0,10378.0,4467.0,686.0,994.0,4332.0,5954.0,1584.0,997.0,893.0,507.0,1985.0,4922.0,4411.0,2967.0,3600.0,332.0,404.0,4863.0,706.0,1894.0,8357.0,704.0,1471.0,676.0,10201.0,3496.0,10693.0,18585.0,1937.0,2857.0,3140.0,2246.0,3443.0,2440.0,3592.0,4232.0,692.0,1786.0,17734.0,3798.0,2206.0,444.0,2742.0
1966,5535.0,647.0,791.0,1007.0,2520.0,271.0,6851.0,11664.0,10492.0,4523.0,689.0,1009.0,4379.0,6104.0,1614.0,999.0,899.0,516.0,2007.0,4999.0,4456.0,3057.0,3695.0,323.0,413.0,4896.0,707.0,1899.0,8512.0,710.0,1456.0,681.0,10330.0,3550.0,10836.0,18858.0,1969.0,2903.0,3147.0,2245.0,3464.0,2454.0,3617.0,4274.0,683.0,1775.0,17843.0,3822.0,2200.0,446.0,2762.0
1967,5594.0,626.0,791.0,1000.0,2533.0,278.0,6928.0,11681.0,10599.0,4539.0,688.0,1019.0,4408.0,6242.0,1646.0,1004.0,909.0,525.0,2053.0,5053.0,4508.0,3174.0,3757.0,322.0,423.0,4952.0,701.0,1901.0,8630.0,723.0,1457.0,697.0,10414.0,3581.0,10947.0,19176.0,1979.0,2935.0,3172.0,2228.0,3458.0,2489.0,3659.0,4303.0,671.0,1769.0,17935.0,3859.0,2197.0,449.0,2793.0
1968,5618.0,621.0,778.0,994.0,2559.0,285.0,7005.0,11741.0,10819.0,4568.0,695.0,1029.0,4482.0,6433.0,1682.0,994.0,922.0,534.0,2120.0,5093.0,4558.0,3270.0,3815.0,324.0,430.0,5004.0,700.0,1902.0,8696.0,734.0,1467.0,709.0,10516.0,3603.0,10995.0,19394.0,2004.0,2964.0,3195.0,2219.0,3446.0,2503.0,3703.0,4345.0,669.0,1763.0,18051.0,3878.0,2216.0,464.0,2803.0
1969,5650.0,621.0,762.0,1011.0,2570.0,296.0,7095.0,11741.0,11045.0,4640.0,707.0,1047.0,4551.0,6641.0,1737.0,992.0,932.0,540.0,2166.0,5143.0,4614.0,3343.0,3868.0,329.0,437.0,5031.0,694.0,1913.0,8781.0,750.0,1474.0,724.0,10563.0,3619.0,11039.0,19711.0,2062.0,3000.0,3198.0,2220.0,3440.0,2535.0,3758.0,4378.0,668.0,1746.0,18105.0,3897.0,2236.0,480.0,2805.0
1970,5689.17,617.792,756.668,1017.055,2590.713,302.583,7171.112,11800.766,11198.655,4677.623,713.015,1059.273,4587.93,6791.418,1775.399,993.722,949.723,548.104,2209.596,5195.392,4651.448,3413.244,3923.897,332.416,444.732,5084.411,694.409,1923.322,8881.826,769.913,1485.333,737.681,10657.423,3644.637,11110.285,19971.069,2091.533,3032.217,3220.711,2216.994,3444.354,2559.463,3806.103,4417.821,666.257,1744.237,18241.391,3926.018,2249.071,488.738,2825.368
1971,5737.58,626.76,749.781,1053.737,2662.269,315.51,7281.107,11886.4,11509.848,4725.764,738.753,1101.192,4711.55,7158.304,1895.814,1015.39,963.107,564.708,2303.524,5253.396,4750.838,3447.553,4018.324,340.285,454.318,5203.531,710.814,1972.312,8974.186,801.644,1504.604,761.851,10734.818,3710.487,11202.397,20345.939,2151.022,3060.938,3298.053,2265.432,3497.076,2618.601,3853.486,4462.155,671.297,1770.657,18357.982,4013.608,2246.6,520.018,2851.705
1972,5760.302,631.119,742.241,1078.697,2719.197,324.464,7335.042,11908.233,11759.148,4758.78,763.237,1135.449,4809.49,7511.463,2008.291,1034.292,974.79,572.913,2404.619,5302.435,4824.472,3447.885,4073.499,347.345,463.143,5301.15,718.732,2018.638,9028.944,828.331,1519.013,781.107,10746.993,3761.646,11251.948,20585.469,2197.297,3068.699,3335.728,2307.117,3539.4,2658.646,3869.747,4502.412,677.234,1797.648,18339.4,4094.611,2256.375,546.789,2860.287
1973,5781.172,632.675,731.488,1105.529,2776.605,330.543,7333.083,11890.527,12019.543,4782.645,782.074,1170.04,4910.374,7913.696,2124.438,1045.655,975.738,577.759,2495.868,5338.277,4901.292,3478.782,4097.974,354.061,468.43,5389.852,726.798,2059.256,9077.956,851.595,1529.567,800.951,10767.314,3788.375,11251.367,20868.728,2241.932,3067.814,3371.024,2349.546,3579.78,2695.931,3889.332,4524.244,678.715,1806.36,18177.063,4147.401,2265.603,568.991,2863.715
1974,5773.548,634.559,717.947,1131.309,2844.749,341.063,7332.411,11870.884,12268.629,4795.93,807.99,1200.471,4999.419,8298.762,2223.196,1059.04,950.615,581.418,2541.406,5361.89,4971.069,3549.946,4118.815,365.501,473.002,5470.911,736.419,2101.403,9117.507,867.978,1539.191,815.914,10765.759,3820.109,11262.145,21173.865,2285.013,3074.047,3416.315,2378.268,3626.499,2734.768,3903.925,4545.782,679.585,1815.447,18049.775,4213.509,2269.499,596.822,2867.53
1975,5757.756,638.886,706.871,1159.944,2902.028,376.17,7337.765,11906.095,12568.843,4808.308,831.982,1236.03,5064.075,8518.422,2284.847,1071.995,942.788,586.589,2586.192,5365.766,5047.395,3621.339,4139.096,381.695,479.713,5547.188,748.208,2159.526,9117.668,886.16,1543.117,828.555,10770.425,3886.104,11291.743,21537.849,2329.661,3082.5,3467.769,2399.449,3678.814,2774.683,3932.515,4578.986,681.042,1842.25,18003.485,4275.566,2280.578,619.972,2880.847
1976,5743.672,645.797,692.295,1189.295,2943.657,400.969,7339.745,11897.378,12904.089,4839.029,856.983,1274.928,5132.812,8667.379,2346.157,1088.412,946.089,590.166,2632.306,5389.088,5121.863,3693.61,4150.539,396.952,484.928,5607.964,757.317,2170.161,9129.205,904.191,1550.911,845.248,10752.662,3950.605,11342.853,21935.909,2378.262,3083.335,3529.257,2429.756,3735.139,2826.815,3964.68,4595.904,686.39,1879.503,17940.541,4346.928,2301.001,646.975,2903.082
1977,5738.199,649.769,677.228,1215.72,2991.681,403.436,7337.169,11893.591,13193.05,4863.173,883.469,1319.512,5219.697,8856.183,2425.197,1103.578,950.23,591.829,2696.14,5425.638,5193.112,3776.05,4169.595,413.354,491.931,5685.607,769.953,2209.01,9171.11,918.259,1556.842,869.763,10771.394,4014.459,11386.316,22352.396,2446.673,3085.722,3573.693,2459.201,3780.403,2870.014,3989.364,4626.514,688.48,1908.088,17812.602,4422.921,2320.647,678.333,2913.573
1978,5736.469,651.301,665.052,1238.034,3044.364,404.766,7350.804,11879.396,13500.429,4889.399,910.69,1367.51,5295.751,9102.032,2515.316,1113.566,951.816,594.776,2766.748,5470.214,5270.24,3889.073,4183.603,432.88,498.109,5759.492,782.317,2243.127,9217.761,931.584,1563.884,891.52,10795.581,4068.579,11412.561,22835.958,2518.298,3091.627,3609.976,2487.816,3831.836,2917.336,4015.341,4646.108,688.58,1923.395,17680.589,4486.314,2335.657,719.436,2918.069
1979,5738.404,652.896,650.016,1284.722,3090.267,402.753,7366.512,11887.975,13888.371,4912.43,932.627,1420.238,5401.384,9426.159,2635.571,1122.563,950.382,594.984,2849.234,5501.174,5307.945,4017.632,4191.16,454.378,505.372,5823.491,787.305,2271.333,9266.268,953.306,1567.344,909.074,10798.298,4137.665,11396.837,23256.88,2588.012,3095.917,3641.804,2507.069,3866.248,2975.31,4050.316,4682.811,688.335,1942.146,17583.838,4560.473,2350.906,765.367,2915.739
1980,5746.075,654.38,638.284,1309.4,3134.502,405.315,7376.33,11868.305,14338.208,4921.966,947.983,1472.595,5486.174,9839.835,2737.774,1126.86,948.773,594.919,2908.803,5490.721,5368.334,4154.678,4227.643,474.185,512.524,5898.98,788.752,2288.738,9255.553,967.71,1572.296,924.25,10800.65,4223.101,11434.702,23800.8,2641.218,3113.174,3664.221,2525.342,3900.368,3040.758,4085.017,4712.045,690.851,1951.349,17566.754,4600.252,2369.039,810.215,2914.018
1981,5768.685,659.505,636.893,1332.748,3179.255,418.491,7407.472,11858.567,14746.318,4932.064,962.204,1515.471,5568.345,10192.774,2810.107,1133.033,953.013,595.975,2977.898,5480.435,5444.097,4235.731,4261.905,491.712,515.594,5956.653,795.328,2293.201,9209.287,978.195,1578.515,936.621,10788.33,4283.303,11443.458,24285.933,2667.982,3128.836,3670.394,2539.036,3918.531,3096.164,4111.728,4726.343,689.584,1954.124,17567.734,4627.658,2384.849,847.655,2907.983
1982,5771.222,668.972,634.174,1363.823,3207.614,449.606,7430.968,11845.146,15331.415,4929.451,973.721,1558.314,5649.792,10471.407,2889.861,1136.684,954.17,599.148,3061.564,5467.922,5492.783,4276.552,4282.923,506.4,519.109,6019.101,803.986,2294.257,9115.198,993.78,1581.78,947.719,10757.087,4352.608,11423.412,24820.009,2664.922,3139.013,3683.445,2556.777,3925.266,3206.123,4131.45,4728.87,690.597,1949.604,17589.738,4646.041,2401.202,881.537,2888.189
1983,5799.407,676.688,632.433,1394.361,3234.066,488.417,7467.785,11837.723,15751.676,4943.733,981.869,1594.943,5728.25,10749.851,2968.925,1144.772,956.382,605.458,3133.63,5450.395,5564.657,4300.266,4313.327,510.345,523.302,6077.056,814.031,2305.761,9047.754,1012.717,1584.293,958.134,10737.632,4395.316,11408.818,25360.026,2653.066,3162.354,3694.484,2567.717,3934.102,3290.402,4141.456,4721.438,693.008,1945.061,17686.905,4659.749,2415.531,901.977,2870.543
1984,5840.773,680.497,633.382,1416.717,3271.868,513.702,7515.473,11815.172,16007.086,4975.278,990.839,1622.342,5834.954,11039.925,3067.135,1155.635,961.894,611.565,3169.992,5458.322,5643.87,4343.656,4365.243,504.896,526.66,6164.006,820.905,2319.768,9049.452,1027.922,1588.639,976.864,10737.746,4400.477,11412.132,25844.393,2666.588,3180.014,3695.453,2578.051,3951.82,3285.533,4157.706,4735.563,697.249,1927.697,17745.684,4686.737,2424.086,924.922,2858.618
1985,5880.733,676.98,634.549,1438.361,3303.209,532.495,7565.528,11770.862,16272.734,5000.268,994.051,1642.91,5962.661,11351.118,3183.538,1162.936,968.955,618.28,3208.723,5459.211,5715.153,4400.098,4413.071,499.695,530.035,6253.954,822.32,2327.046,9076.293,1039.698,1584.664,996.753,10734.926,4408.118,11399.806,26441.109,2672.652,3201.131,3694.826,2588.102,3972.523,3271.332,4184.302,4747.767,698.402,1906.831,17791.672,4715.296,2427.405,951.03,2829.684
1986,5902.678,669.512,638.269,1462.729,3342.758,544.268,7622.159,11782.752,16561.113,5023.068,990.224,1662.834,6084.666,11667.505,3308.262,1170.126,977.341,627.559,3237.45,5454.108,5811.7,4452.72,4486.957,495.633,534.066,6321.578,813.739,2331.984,9127.775,1051.762,1574.333,1025.053,10730.268,4406.919,11387.257,27102.237,2683.528,3223.74,3687.809,2593.597,3991.569,3252.735,4205.212,4755.618,696.034,1882.35,17833.419,4738.708,2432.619,980.613,2791.97
1987,5935.204,661.136,636.93,1478.52,3380.506,539.309,7670.742,11810.866,16621.791,5056.696,984.997,1678.119,6208.467,11997.283,3437.103,1184.574,989.604,636.947,3260.48,5473.012,5932.268,4531.901,4565.557,476.965,540.267,6403.7,805.063,2342.355,9187.481,1067.918,1566.547,1054.289,10760.09,4344.148,11391.178,27777.158,2700.991,3247.291,3683.329,2588.545,4015.264,3210.122,4235.136,4777.919,696.036,1857.585,17868.848,4782.927,2445.367,1023.376,2767.011
1988,5979.982,655.331,630.432,1490.337,3412.096,541.983,7712.333,11845.752,16667.022,5081.736,985.664,1689.372,6316.142,12306.395,3535.183,1203.84,996.408,647.622,3262.281,5491.735,6036.909,4639.893,4657.904,465.101,549.763,6480.594,800.202,2342.656,9217.998,1079.828,1571.477,1082.577,10798.552,4288.863,11390.183,28464.249,2741.297,3271.953,3679.999,2580.352,4023.844,3167.057,4296.166,4822.388,698.165,1830.215,17941.309,4822.437,2461.996,1075.022,2768.388
1989,6015.478,646.351,624.168,1503.901,3456.775,547.159,7726.089,11865.996,16806.735,5095.83,994.416,1705.864,6411.099,12637.715,3622.185,1219.961,1000.666,658.273,3275.818,5523.693,6120.246,4746.316,4727.301,458.374,557.707,6565.459,799.636,2346.358,9253.295,1094.588,1574.864,1104.522,10829.217,4252.894,11409.782,29218.164,2790.575,3283.403,3677.306,2574.269,4030.222,3150.307,4338.057,4856.574,696.701,1806.568,17983.086,4854.444,2472.849,1137.382,2770.592
1990,6018.664,637.364,603.814,1519.933,3499.064,553.12,7757.158,11895.604,17044.714,5126.37,1011.882,1729.722,6506.531,13018.365,3679.056,1231.296,1004.649,669.063,3303.862,5555.097,6213.526,4900.78,4797.431,453.401,564.526,6656.987,799.824,2354.343,9310.462,1112.703,1580.664,1111.831,10861.837,4219.179,11446.979,29950.111,2858.547,3289.056,3692.584,2577.426,4048.508,3147.105,4387.283,4902.265,696.667,1792.481,18002.855,4890.626,2480.683,1218.629,2779.769
1991,5998.652,634.199,593.239,1547.115,3559.47,569.273,7784.269,11943.16,17339.904,5157.77,1038.915,1771.941,6621.279,13289.497,3762.394,1235.439,1003.99,680.495,3367.567,5602.062,6283.853,5013.443,4856.176,457.739,567.141,6748.135,807.837,2370.666,9395.022,1131.412,1590.805,1107.055,10933.683,4240.95,11535.973,30414.114,2918.745,3288.64,3714.686,2591.23,4091.025,3166.471,4427.429,4952.675,701.445,1798.212,18029.532,4946.886,2495.209,1285.046,2791.227
1992,5993.474,635.427,584.183,1580.75,3600.576,587.073,7827.77,11980.819,17650.479,5193.686,1066.49,1821.498,6759.474,13504.775,3867.333,1235.748,1000.571,690.158,3459.995,5648.649,6383.315,5139.011,4902.545,463.491,570.115,6831.85,822.436,2394.098,9470.323,1149.926,1602.406,1112.766,11007.609,4270.849,11635.197,30875.92,2973.934,3274.997,3756.358,2610.193,4139.269,3204.174,4471.503,5004.636,708.698,1805.462,18082.032,5013.999,2526.042,1330.694,2806.923
1993,6010.884,637.229,576.358,1614.937,3634.507,596.993,7874.891,12022.128,17996.764,5237.757,1101.204,1875.993,6894.092,13713.593,3993.39,1238.256,997.852,699.475,3560.884,5701.965,6464.795,5247.704,4942.504,469.033,574.004,6947.412,839.876,2423.743,9529.24,1161.508,1612.149,1122.191,11070.385,4284.749,11725.984,31147.208,3034.49,3272.325,3792.288,2635.574,4193.114,3228.829,4521.709,5055.318,716.258,1816.179,18140.894,5085.666,2547.605,1380.197,2820.525
1994,6031.352,639.762,564.982,1653.329,3666.456,600.624,7918.796,12042.545,18338.319,5281.206,1135.459,1930.436,7045.9,13961.798,4147.561,1237.687,993.412,708.416,3653.91,5745.626,6536.771,5334.896,4985.411,474.982,578.9,7060.959,854.923,2450.605,9584.481,1173.903,1621.551,1133.054,11111.451,4306.5,11804.986,31317.179,3087.142,3268.346,3823.215,2663.45,4232.965,3246.119,4566.028,5095.504,723.038,1818.49,18156.652,5163.016,2569.118,1456.388,2829.422
1995,6062.335,641.548,551.273,1682.417,3699.943,601.345,7965.523,12044.78,18679.706,5324.61,1165.0,1976.774,7188.538,14185.403,4306.908,1237.438,989.203,718.265,3738.061,5791.819,6601.392,5431.024,5023.65,478.447,582.827,7185.403,868.522,2480.121,9659.871,1180.49,1635.142,1145.604,11155.493,4327.978,11884.935,31493.525,3141.421,3265.293,3855.248,2690.788,4262.731,3265.547,4605.445,5137.004,728.251,1820.56,18150.928,5241.168,2586.942,1525.777,2840.86
1996,6085.393,642.858,538.273,1706.151,3738.974,604.918,8009.624,12038.008,19006.24,5367.888,1187.706,2022.253,7332.225,14426.911,4432.308,1241.436,987.858,727.09,3812.716,5834.908,6665.491,5509.963,5057.142,480.085,586.352,7307.658,876.656,2504.858,9739.184,1184.434,1647.657,1160.768,11187.032,4338.763,11953.003,31780.829,3195.087,3267.03,3881.051,2709.925,4290.403,3289.634,4647.723,5173.828,730.699,1818.983,18143.805,5313.576,2598.266,1596.476,2848.473
1997,6115.476,640.945,528.752,1722.939,3790.066,608.846,8054.178,12015.888,19355.427,5407.113,1210.638,2065.397,7486.094,14683.35,4552.207,1245.215,986.966,735.024,3891.293,5872.37,6732.878,5604.105,5092.914,480.031,588.665,7428.672,878.706,2524.007,9785.45,1189.322,1656.042,1173.239,11212.498,4351.39,12011.509,32217.708,3243.254,3268.514,3907.816,2731.826,4320.281,3314.259,4687.726,5200.235,730.855,1815.588,18143.184,5378.433,2616.339,1675.581,2854.396
1998,6144.407,637.808,521.426,1733.535,3839.578,615.205,8095.542,12002.329,19712.389,5437.562,1230.923,2100.562,7636.522,14908.23,4667.277,1247.554,987.704,744.066,3968.967,5907.617,6789.225,5687.832,5130.072,480.045,590.579,7545.828,879.533,2538.202,9820.231,1190.472,1660.772,1185.823,11237.752,4362.758,12069.774,32682.794,3282.055,3272.563,3934.31,2751.335,4351.037,3339.478,4726.411,5222.124,730.789,1811.688,18159.175,5432.679,2638.667,1743.772,2861.025
1999,6175.169,633.666,519.0,1739.844,3885.736,619.5,8143.412,11994.016,20044.141,5468.338,1251.7,2129.836,7788.24,15111.244,4778.332,1253.04,990.819,753.538,4056.133,5942.901,6872.912,5756.361,5171.634,479.602,593.74,7650.789,882.779,2551.373,9863.775,1185.497,1666.028,1201.134,11256.654,4372.035,12128.37,33145.121,3316.154,3282.031,3960.825,2768.619,4369.862,3358.044,4775.508,5250.446,733.133,1806.928,18196.601,5483.535,2654.052,1809.253,2869.413
2000,6361.104,642.023,572.046,1821.204,4024.223,627.963,8430.621,12284.173,20944.499,5607.285,1299.43,2244.502,8227.303,16047.515,5160.586,1277.072,1050.268,786.373,4326.921,6091.866,7105.817,5910.512,5311.034,494.3,609.618,8081.614,903.773,2678.588,9952.45,1213.519,1713.82,1239.882,11363.543,4471.885,12434.161,33987.977,3429.708,3411.777,4049.021,2848.353,4452.173,3454.365,4933.692,5373.999,755.844,1807.021,19001.78,5703.719,2693.681,2018.741,2929.067
2001,6397.634,639.062,574.504,1831.69,4064.995,633.714,8492.671,12298.97,21319.622,5641.142,1319.962,2283.715,8377.038,16356.966,5273.477,1285.692,1057.142,795.699,4425.687,6127.76,7198.362,5985.722,5374.691,494.657,612.223,8210.122,906.961,2691.571,9991.12,1225.948,1719.836,1255.517,11387.404,4477.875,12488.445,34479.458,3467.937,3432.835,4068.132,2852.994,4467.634,3467.1,4982.796,5406.835,757.972,1801.481,19082.838,5750.789,2702.162,2098.399,2931.997
2002,6417.206,638.168,573.158,1855.309,4107.795,642.337,8552.643,12331.031,21690.325,5674.825,1340.372,2324.815,8508.256,16689.37,5396.255,1295.96,1065.995,806.169,4490.406,6155.967,7286.873,6052.349,5440.389,500.017,615.442,8326.201,911.667,2705.927,10015.71,1239.613,1728.292,1269.089,11407.889,4497.267,12525.556,34871.843,3513.424,3458.749,4089.875,2858.681,4480.089,3489.08,5018.935,5445.162,760.02,1805.414,19137.8,5795.918,2713.535,2173.791,2934.234
2003,6422.565,638.817,568.502,1877.574,4150.297,648.414,8601.402,12374.658,22030.931,5709.403,1363.38,2360.137,8622.793,17004.085,5510.364,1306.513,1071.342,818.003,4528.732,6196.638,7366.977,6104.115,5496.269,503.453,617.858,8422.501,919.63,2724.816,10041.152,1251.154,1738.643,1279.84,11434.788,4521.042,12556.006,35253.159,3547.376,3484.336,4117.17,2868.312,4503.491,3504.892,5053.572,5479.203,763.729,1812.295,19175.939,5847.812,2723.004,2248.85,2941.999
2004,6412.281,644.705,567.754,1903.808,4210.921,659.286,8634.561,12410.722,22394.023,5747.741,1391.802,2401.58,8769.252,17415.318,5652.404,1313.688,1074.579,830.803,4575.013,6233.007,7475.575,6178.645,5546.935,509.106,619.92,8553.152,930.009,2749.686,10055.315,1273.569,1749.37,1290.121,11452.251,4552.238,12589.773,35574.576,3569.463,3496.094,4146.101,2889.01,4530.729,3525.233,5087.713,5514.026,770.396,1816.438,19171.567,5910.809,2734.373,2346.222,2953.635
2005,6403.29,646.089,567.136,1932.274,4270.15,666.946,8651.974,12449.99,22778.123,5790.3,1428.241,2457.719,8925.922,17842.038,5839.077,1318.787,1067.916,845.15,4631.888,6278.616,7577.105,6257.305,5592.379,514.157,621.215,8705.407,940.102,2781.097,10051.137,1292.729,1761.497,1298.492,11463.32,4576.628,12609.903,35827.943,3613.202,3506.956,4182.742,2905.943,4569.805,3548.597,5119.598,5546.166,775.493,1820.492,19132.61,5991.057,2745.299,2432.143,2964.454
2006,6410.084,649.422,570.681,1962.137,4357.847,675.302,8661.679,12510.809,23359.58,5842.704,1468.669,2525.507,9155.813,18166.99,6029.141,1323.619,1063.096,859.268,4720.423,6332.669,7673.725,6370.753,5627.367,522.667,622.892,8917.27,952.692,2821.761,10036.081,1309.731,1772.693,1308.389,11481.213,4302.665,12643.955,36021.202,3670.883,3517.46,4219.239,2904.978,4628.981,3594.09,5163.555,5577.655,783.033,1827.912,19104.631,6088.766,2762.931,2522.658,2982.644
2007,6431.559,652.822,574.404,1990.07,4444.11,680.3,8677.885,12563.937,23831.983,5887.612,1505.105,2597.746,9349.988,18367.842,6167.681,1327.04,1057.315,871.749,4803.868,6379.599,7751.0,6461.587,5653.408,534.876,623.481,9118.037,964.706,2848.65,10001.284,1315.675,1783.44,1312.54,11500.468,4375.581,12695.866,36250.311,3722.417,3527.27,4256.672,2928.35,4672.84,3634.349,5207.203,5610.775,791.623,1834.052,19132.335,6175.727,2783.785,2601.072,2999.212
2008,6468.967,657.569,580.236,2010.662,4528.996,687.455,8711.09,12612.285,24309.039,5923.916,1534.32,2663.029,9504.843,18527.305,6280.362,1330.509,1055.003,883.874,4889.73,6424.806,7833.496,6562.231,5684.965,546.043,624.151,9309.449,976.415,2874.554,9946.889,1332.213,1796.378,1315.906,11515.391,4435.586,12747.038,36604.337,3768.748,3545.579,4289.878,2947.806,4718.206,3668.976,5247.018,5640.996,799.124,1840.31,19212.436,6247.411,2808.076,2653.63,3016.734
2009,6517.613,664.968,592.228,2036.802,4589.872,698.895,8755.602,12666.858,24801.761,5961.088,1554.439,2723.421,9620.846,18652.644,6343.154,1329.59,1053.646,891.73,4972.195,6459.325,7925.937,6667.426,5730.388,559.851,624.817,9449.566,983.982,2896.843,9901.591,1346.717,1812.683,1316.102,11528.896,4491.648,12796.778,36961.229,3808.6,3561.807,4317.074,2958.774,4757.938,3717.572,5281.203,5669.264,807.067,1847.775,19307.066,6306.019,2832.704,2684.665,3032.87
2010,6564.073,674.345,605.21,2064.95,4636.29,713.856,8803.58,12711.077,25245.717,5996.085,1570.639,2774.346,9714.464,18852.22,6411.999,1327.361,1053.078,899.731,5048.575,6490.308,8025.376,6741.911,5788.101,564.358,625.792,9559.488,990.575,2922.297,9876.498,1363.95,1829.865,1316.517,11540.07,4545.581,12840.097,37336.011,3837.083,3579.345,4349.838,2970.811,4785.822,3759.481,5310.418,5689.268,816.192,1854.176,19400.867,6356.628,2858.949,2703.493,3050.295
2011,6612.27,685.242,620.427,2078.407,4673.054,722.572,8842.614,12743.995,25657.477,6010.544,1583.78,2815.324,9813.201,19107.9,6472.867,1327.93,1052.02,907.829,5119.661,6516.56,8110.188,6822.112,5843.833,567.631,626.45,9651.502,997.661,2938.43,9875.736,1378.251,1842.232,1318.109,11544.757,4575.972,12858.725,37701.901,3867.644,3590.537,4370.038,2978.464,4801.695,3786.527,5348.036,5708.785,824.171,1854.982,19521.745,6398.389,2869.965,2718.586,3064.904
2012,6655.829,701.705,635.04,2084.594,4722.621,731.081,8876.0,12770.043,26094.422,6025.281,1595.59,2855.194,9919.0,19355.257,6556.236,1328.592,1052.637,916.881,5191.709,6537.632,8193.422,6896.325,5891.819,576.893,626.138,9748.181,1005.163,2949.3,9884.781,1392.766,1855.487,1321.297,11550.901,4604.744,12873.763,38062.78,3898.684,3594.362,4383.465,2986.137,4817.484,3817.059,5380.615,5724.888,834.504,1856.313,19607.14,6455.177,2885.966,2755.245,3075.935
2013,6708.874,723.857,649.111,2086.895,4771.929,737.259,8911.502,12781.296,26505.637,6044.917,1612.843,2902.787,9994.759,19600.311,6634.997,1328.702,1053.354,925.24,5272.086,6570.713,8270.345,6973.742,5938.737,583.223,626.855,9848.917,1014.864,2958.765,9898.193,1408.987,1868.969,1322.616,11572.005,4629.284,12890.552,38431.393,3928.068,3599.341,4399.583,2992.206,4833.996,3853.118,5422.06,5742.953,845.51,1853.595,19695.68,6497.269,2895.801,2791.494,3092.341
2014,6745.408,739.482,658.893,2085.572,4832.482,736.732,8938.175,12787.209,26956.958,6063.589,1634.464,2942.902,10097.343,19893.297,6731.484,1330.089,1055.173,935.614,5355.866,6596.855,8326.289,7061.53,5976.407,584.153,626.562,9943.964,1023.579,2966.369,9909.877,1419.561,1881.503,1326.813,11594.163,4649.676,12880.58,38802.5,3970.239,3596.677,4413.457,2994.079,4849.377,3878.051,5457.173,5757.564,853.175,1850.326,19746.227,6549.352,2904.021,2839.099,3107.126
2015,6794.422,756.927,672.228,2085.109,4896.146,738.432,8958.013,12802.503,27469.114,6083.672,1654.93,2995.919,10214.86,20271.272,6828.065,1329.328,1056.298,945.934,5456.574,6619.68,8382.993,7170.351,6006.401,586.107,626.042,10042.802,1032.949,2978.204,9922.576,1431.603,1896.19,1330.608,11613.423,4670.724,12859.995,39144.818,4028.977,3590.886,4425.092,2992.333,4858.979,3911.338,5489.594,5771.337,858.469,1844.128,19795.791,6600.299,2911.641,2890.845,3123.899
