{"result":{"input":{"address":{"state":"MD","city":"Suitland","street":"4600 Silver Hill Rd","zip":"20746"},"benchmark":{"id":"9","isDefault":false,"benchmarkName":"Public_AR_Census2010","benchmarkDescription":"Public Address Ranges - Census 2010 Benchmark"}},"addressMatches":[{"matchedAddress":"4600 Silver Hill Rd, SUITLAND, MD, 20746","coordinates":{"x":-76.92691,"y":38.846542},"tigerLine":{"tigerLineId":"613199520","side":"L"},"addressComponents":{"state":"MD","city":"SUITLAND","zip":"20746","fromAddress":"4600","toAddress":"4712","preQualifier":"","preDirection":"","preType":"","streetName":"Silver Hill","suffixType":"Rd","suffixDirection":"","suffixQualifier":""}}]}}